007,hiph0popatamus
007,GI 006
007,bondtastcvoyage
007,Jorge007
007,uber986
007,xcantu
007,Deltsoulman
007,Vahnid
007,Useless More
007,SpeedSwan
007,Reprobate310
007,das Jackalope
007,I Ktron I
007,Narutard417
007,PATIENT ZERO
007,UMGamr
007,wolverine512469
007,garretty
007,bajoran
007,dieselRabbit
007,ChromeBurner
007,KastroLee
007,The Legendary B
007,Squibbons 
007,A Scared Rabbit 
007,Interrupt Zero 
007,AngryPandar
007,zombienormality
007,graygrem
007,nickp4512
007,EvilFlyinHaggis
007,ar0x
007,JDiz5
